{
  "ticker": "IRM",
  "cik": "0001020569",
  "company_name": "Iron Mountain",
  "corrected_name": "Iron Mountain",
  "wiki_title_used": "Iron Mountain",
  "exists": true,
  "raw_text": "Iron Mountain may refer to:\n\nPlaces\nCzech Republic\nRanges\n\nIron Mountains (Czech Republic) / Železné hory, a mountain ridge in Chrudim District in the middle of Czech Republic\n\nUnited States\nCommunities\n\nIron Mountain, Michigan, a city\nIron Mountain, Missouri, a community and historic mining area in St. Francois County\nFarthing, Wyoming, also known as Iron Mountain\nIron Mountains (California)\nCamp Iron Mountain California\nMines\n\nIron Mountain Mine, a toxic mine and Superfund site near Redding, California\nIron Mountain District, a series of magnetite and hematite deposits in southwestern Utah\nSummits\n\nIron Mountain (Los Angeles County), California\nIron Mountain (Madera County, California)\nIron Mountain (Napa County, California)\nIron Mountain (Sangre de Cristo Range), southern Colorado\nIron Mountain (Never Summer Mountains), northern Colorado\nIron Mountain (Florida)\nIron Mountain (Idaho)\nIron Mountain (Oregon)\nIron Mountain (South Dakota)\nIron Mountain (Utah)\nIron Mountain (Jefferson County, Washington), Olympic Mountains\nIron Mountain (Pierce County, Washington), Mount Rainier National Park\nRanges\n\nIron Mountains, a sub-range of the Appalachian Mountains in Tennessee, Virginia, and North Carolina\nIron Mountains (California), in the Mojave Desert\n\nOther uses\nIron Mountain (company), specializing in records management\nIron Mountain (riverboat), a Mississippi riverboat\nThe Report from Iron Mountain, a fictional satire about think tanks and war planning\nPine Mountain Jump, site of the Iron Mountain leg of the FIS Ski Jumping World Cup\n\nSee also\nIron Hill (disambiguation)\nOre Mountains (disambiguation)",
  "clean_text": "Iron Mountain may refer to: Places Czech Republic Ranges Iron Mountains (Czech Republic) / Železné hory, a mountain ridge in Chrudim District in the middle of Czech Republic United States Communities Iron Mountain, Michigan, a city Iron Mountain, Missouri, a community and historic mining area in St. Francois County Farthing, Wyoming, also known as Iron Mountain Iron Mountains (California) Camp Iron Mountain California Mines Iron Mountain Mine, a toxic mine and Superfund site near Redding, California Iron Mountain District, a series of magnetite and hematite deposits in southwestern Utah Summits Iron Mountain (Los Angeles County), California Iron Mountain (Madera County, California) Iron Mountain (Napa County, California) Iron Mountain (Sangre de Cristo Range), southern Colorado Iron Mountain (Never Summer Mountains), northern Colorado Iron Mountain (Florida) Iron Mountain (Idaho) Iron Mountain (Oregon) Iron Mountain (South Dakota) Iron Mountain (Utah) Iron Mountain (Jefferson County, Washington), Olympic Mountains Iron Mountain (Pierce County, Washington), Mount Rainier National Park Ranges Iron Mountains, a sub-range of the Appalachian Mountains in Tennessee, Virginia, and North Carolina Iron Mountains (California), in the Mojave Desert Other uses Iron Mountain (company), specializing in records management Iron Mountain (riverboat), a Mississippi riverboat The Report from Iron Mountain, a fictional satire about think tanks and war planning Pine Mountain Jump, site of the Iron Mountain leg of the FIS Ski Jumping World Cup"
}